[
    {
        "stared":false,
        "title":"PetroPal",
        "description":"PetroPal is a new and inventive way of allowing communities to host servers. It's a simple sign up procedure then you can allow anyone to create a server on your hosting platform.",
        "thumbnail":"/Ptero-Pal/logo.png",
        "status":0,
        "images":[
            {
                "src":"/Ptero-Pal/register.png",
                "title":"Register",
                "description":""
            },
            {
                "src":"/Ptero-Pal/loading.png",
                "title":"Loading",
                "description":""
            }
        ],
        "buttons":[
            {
                "name":"Website",
                "herf":"https://PetroPal.com",
                "active":false
            },
            {
                "name":"Code",
                "herf":"https://PetroPal.com",
                "active":false
            }
        ]
    },
    
    {
        "stared":true,
        "title":"PokeHunt",
        "description":"Pokehunt is a Pokémon bot that let's it's players to catch, hunt, trade, sell & battle their favorite Pokémon. It features a website, leader board and tonnes of fun user friendly commands, as well as a has a public API. It has 30k+ users and has had 1.4+ million Pokémon court on it!",
        "thumbnail":"/pokehunt/logo.png",
        "status":1,
        "images":[
            {
                "src":"/pokehunt/homepage.png",
                "title":"Homepage",
                "description":""
            },
            {
                "src":"/pokehunt/leaderboards.png",
                "title":"Leaderboards",
                "description":"Made using React"
            },
            {
                "src":"/pokehunt/bot.png",
                "title":"Bot",
                "description":""
            }
        ],
        "buttons":[
            {
                "name":"Website",
                "herf":"https://pokehunt.xyz",
                "active":true
            },
            {
                "name":"Discord Server Invite",
                "herf":"https://discord.gg/cpYkJzd",
                "active":true
            },
            {
                "name":"Discord Bot Invite",
                "herf":"https://discord.com/api/oauth2/authorize?client_id=716533909818572850&permissions=8&scope=bot",
                "active":true
            },
            {
                "name":"Code",
                "herf":"https://github.com/discord-pokehunt",
                "active":true
            },
            {
                "name":"API",
                "herf":"https://api.pokehunt.xyz",
                "active":true
            }
        ]
    },


    {
        "stared":false,
        "title":"PostBox",
        "description":"Post box is a simple way to make the forms on your website send responses directly to your email. Features: Instant emails, create multiple PostBoxes view all past post and fully open source.",
        "thumbnail":"/postbox/logo.jpg",
        "status":1,
        "images":[
            {
                "src":"/postbox/dashboard.png",
                "title":"Homepage",
                "description":"Create postboxes"
            },
            {
                "src":"/postbox/postbox.png",
                "title":"PostBox",
                "description":"View your mail "
            }
        ],
        "buttons":[
            {
                "name":"Website",
                "herf":"https://post.freddie.pw",
                "active":true
            },
            {
                "name":"Code",
                "herf":"https://github.com/freddierick/mail-pal",
                "active":true
            }
        ]
    },

    {
        "stared":false,
        "title":"ChatRooms",
        "description":"Chat rooms is a simple and easy way to create group chat rooms for your friends you can create instant invites, unlimited chat rooms, send & receive messages in real time and view message history; and what's more it's all open source. It also has a NPM package for making chat bots.",
        "thumbnail":"/chatrooms/logo.jpg",
        "status":1,
        "images":[
            {
                "src":"/chatrooms/dashboard.png",
                "title":"Homepage",
                "description":""
            },
            {
                "src":"/chatrooms/chatroom.png",
                "title":"ChatRoom",
                "description":""
            },
            {
                "src":"/chatrooms/login.png",
                "title":"Login ",
                "description":""
            }
        ],
        "buttons":[
            {
                "name":"Website",
                "herf":"https://chat.freddie.pw",
                "active":true
            },
            {
                "name":"Code",
                "herf":"https://github.com/freddierick/chat-room-bot",
                "active":true
            },
            {
                "name":"NPM bot package",
                "herf":"https://www.npmjs.com/package/chat-room-bot",
                "active":true
            }
        ]
    },


    {
        "stared":false,
        "title":"FreddieHost",
        "description":"Freddie host is a free and paid for hosting service that allows anyone to quickly easy create a game or application server! We have over 100 clients and counting.",
        "thumbnail":"/freddiehost/logo.png",
        "status":3,
        "images":[
            {
                "src":"/freddiehost/dashboard.png",
                "title":"Dashboard",
                "description":""
            },
            {
                "src":"/freddiehost/home.png",
                "title":"Homepage",
                "description":""
            },
            {
                "src":"/freddiehost/login.png",
                "title":"Login ",
                "description":""
            }
        ],
        "buttons":[
            {
                "name":"Website",
                "herf":"https://freddie.host",
                "active":false
            }
        ]
    },
    {
        "stared":false,
        "title":"Micks Maths Mayhem",
        "description":"This is a fun maths game i made in React for a school assignment.",
        "thumbnail":"/freddiehost/logo.png",
        "status":1,
        "images":[
            {
                "src":"/freddiehost/dashboard.png",
                "title":"Dashboard",
                "description":""
            },
            {
                "src":"/freddiehost/home.png",
                "title":"Homepage",
                "description":""
            },
            {
                "src":"/freddiehost/login.png",
                "title":"Login ",
                "description":""
            }
        ],
        "buttons":[
            {
                "name":"Website",
                "herf":"https://mics-maths-mayhem.web.app/",
                "active":true
            },
            {
                "name":"Code",
                "herf":"https://github.com/freddierick/maths-game",
                "active":true
            }
        ]
    }
]